country_name1,cc1,country_name2,cc2
"INDIA",IN,"MAURITIUS",MU
"INDIA",IN,"SOUTH AFRICA",ZA
"INDIA",IN,"SINGAPORE",SG
"INDIA",IN,"SRI LANKA",LK
"INDIA",IN,"IRAN",IR
"INDIA",IN,"IRAQ",IQ
"INDIA",IN,"KUWAIT",KW
"INDIA",IN,"OMAN",OM
"INDIA",IN,"QATAR",QA
"INDIA",IN,"SAUDI ARABIA",SA
"INDIA",IN,"UNITED ARAB EMIRATES",AE
"INDIA",IN,"MALAYSIA",MY
"INDIA",IN,"RéUNION",RE
"INDIA",IN,"MALDIVES",MV
"INDIA",IN,"ITALY",IT
"INDIA",IN,"LEBANON",LB
"INDIA",IN,"PAKISTAN",PK
"INDIA",IN,"KENYA",KE
"INDIA",IN,"MOZAMBIQUE",MZ
"INDIA",IN,"TANZANIA",TZ
"INDIA",IN,"JAPAN",JP
"INDIA",IN,"JORDAN",JO
"INDIA",IN,"KOREA, REP.",KR
"INDIA",IN,"SPAIN",ES
"INDIA",IN,"THAILAND",TH
"INDIA",IN,"UNITED KINGDOM",GB
"INDIA",IN,"TUNISIA",TN
"INDIA",IN,"LIBYA",LY
"INDIA",IN,"MONACO",MC
"INDIA",IN,"PORTUGAL",PT
"INDIA",IN,"MYANMAR",MM
"INDIA",IN,"VIETNAM",VN
"INDIA",IN,"YEMEN",YE
"INDIA",IN,"SUDAN",SD
"INDIA",IN,"INDONESIA",ID
"INDIA",IN,"MOROCCO",MA
"INDIA",IN,"PHILIPPINES",PH
"INDIA",IN,"TAIWAN",TW
"INDIA",IN,"TURKEY",TR
"MAURITIUS",MU,"SOUTH AFRICA",ZA
"MAURITIUS",MU,"RéUNION",RE
"GEORGIA",GE,"ROMANIA",RO
"GEORGIA",GE,"RUSSIA",RU
"INDONESIA",ID,"MALAYSIA",MY
"INDONESIA",ID,"PAPUA NEW GUINEA",PG
"INDONESIA",ID,"SINGAPORE",SG
"INDONESIA",ID,"PALAU",PW
"INDONESIA",ID,"PHILIPPINES",PH
"INDONESIA",ID,"UNITED STATES",US
"INDONESIA",ID,"THAILAND",TH
"INDONESIA",ID,"ITALY",IT
"INDONESIA",ID,"MYANMAR",MM
"INDONESIA",ID,"OMAN",OM
"INDONESIA",ID,"PAKISTAN",PK
"INDONESIA",ID,"SAUDI ARABIA",SA
"INDONESIA",ID,"SRI LANKA",LK
"INDONESIA",ID,"TURKEY",TR
"INDONESIA",ID,"UNITED ARAB EMIRATES",AE
"INDONESIA",ID,"YEMEN",YE
"INDONESIA",ID,"JAPAN",JP
"INDONESIA",ID,"KOREA, REP.",KR
"INDONESIA",ID,"MOROCCO",MA
"INDONESIA",ID,"PORTUGAL",PT
"INDONESIA",ID,"TAIWAN",TW
"INDONESIA",ID,"UNITED KINGDOM",GB
"INDONESIA",ID,"VIETNAM",VN
"FINLAND",FI,"SWEDEN",SE
"FINLAND",FI,"GERMANY",DE
"FINLAND",FI,"RUSSIA",RU
"COOK ISLANDS",CK,"FRENCH POLYNESIA",PF
"COOK ISLANDS",CK,"NIUE",NU
"COOK ISLANDS",CK,"SAMOA",WS
"FRENCH POLYNESIA",PF,"NIUE",NU
"FRENCH POLYNESIA",PF,"SAMOA",WS
"FRENCH POLYNESIA",PF,"UNITED STATES",US
"NIUE",NU,"SAMOA",WS
"ITALY",IT,"MALTA",MT
"ITALY",IT,"PORTUGAL",PT
"ITALY",IT,"SPAIN",ES
"ITALY",IT,"UNITED STATES",US
"ITALY",IT,"LIBYA",LY
"ITALY",IT,"MONACO",MC
"ITALY",IT,"TUNISIA",TN
"ITALY",IT,"LEBANON",LB
"ITALY",IT,"PAKISTAN",PK
"ITALY",IT,"SAUDI ARABIA",SA
"ITALY",IT,"UNITED ARAB EMIRATES",AE
"ITALY",IT,"OMAN",OM
"ITALY",IT,"JAPAN",JP
"ITALY",IT,"JORDAN",JO
"ITALY",IT,"KOREA, REP.",KR
"ITALY",IT,"MALAYSIA",MY
"ITALY",IT,"THAILAND",TH
"ITALY",IT,"UNITED KINGDOM",GB
"ITALY",IT,"SINGAPORE",SG
"ITALY",IT,"SRI LANKA",LK
"ITALY",IT,"MYANMAR",MM
"ITALY",IT,"QATAR",QA
"ITALY",IT,"VIETNAM",VN
"ITALY",IT,"YEMEN",YE
"ITALY",IT,"TURKEY",TR
"ITALY",IT,"MOROCCO",MA
"ITALY",IT,"PHILIPPINES",PH
"ITALY",IT,"TAIWAN",TW
"GRENADA",GD,"SAINT VINCENT AND THE GRENADINES",VC
"GRENADA",GD,"GUADELOUPE",GP
"GRENADA",GD,"MARTINIQUE",MQ
"GRENADA",GD,"SAINT KITTS AND NEVIS",KN
"GRENADA",GD,"SAINT LUCIA",LC
"GRENADA",GD,"SINT MAARTEN",SX
"GRENADA",GD,"TRINIDAD AND TOBAGO",TT
"GRENADA",GD,"VIRGIN ISLANDS (U.K.)",VG
"GRENADA",GD,"SAINT BARTHéLEMY",BL
"GRENADA",GD,"SAINT MARTIN",MF
"GRENADA",GD,"UNITED STATES",US
"DENMARK",DK,"SWEDEN",SE
"DENMARK",DK,"NORWAY",NO
"DENMARK",DK,"IRELAND",IE
"DENMARK",DK,"UNITED STATES",US
"DENMARK",DK,"UNITED KINGDOM",GB
"DENMARK",DK,"NETHERLANDS",NL
"DENMARK",DK,"POLAND",PL
"DENMARK",DK,"FAEROE ISLANDS",FO
"DENMARK",DK,"GERMANY",DE
"DENMARK",DK,"ICELAND",IS
"DENMARK",DK,"FRANCE",FR
"SINGAPORE",SG,"SOUTH AFRICA",ZA
"SINGAPORE",SG,"UNITED STATES",US
"SINGAPORE",SG,"TAIWAN",TW
"SINGAPORE",SG,"THAILAND",TH
"SINGAPORE",SG,"VIETNAM",VN
"SINGAPORE",SG,"SRI LANKA",LK
"SINGAPORE",SG,"TUNISIA",TN
"SINGAPORE",SG,"UNITED ARAB EMIRATES",AE
"SINGAPORE",SG,"TURKEY",TR
"SINGAPORE",SG,"YEMEN",YE
"SINGAPORE",SG,"UNITED KINGDOM",GB
"ASCENSION AND TRISTAN DA CUNHA",SH,"BRAZIL",BR
"ASCENSION AND TRISTAN DA CUNHA",SH,"SOUTH AFRICA",ZA
"ASCENSION AND TRISTAN DA CUNHA",SH,"UNITED STATES",US
"BRAZIL",BR,"SOUTH AFRICA",ZA
"BRAZIL",BR,"UNITED STATES",US
"BRAZIL",BR,"URUGUAY",UY
"BRAZIL",BR,"CAMEROON",CM
"BRAZIL",BR,"CAPE VERDE",CV
"BRAZIL",BR,"FRENCH GUIANA",GF
"BRAZIL",BR,"PORTUGAL",PT
"BRAZIL",BR,"COLOMBIA",CO
"BRAZIL",BR,"VENEZUELA",VE
"BRAZIL",BR,"CHILE",CL
"BRAZIL",BR,"DOMINICAN REPUBLIC",DO
"BRAZIL",BR,"ECUADOR",EC
"BRAZIL",BR,"GUATEMALA",GT
"BRAZIL",BR,"PERU",PE
"BRAZIL",BR,"PANAMA",PA
"BRAZIL",BR,"MEXICO",MX
"BRAZIL",BR,"SENEGAL",SN
"BRAZIL",BR,"SPAIN",ES
"BRAZIL",BR,"MARTINIQUE",MQ
"BRAZIL",BR,"NETHERLANDS ANTILLES",NL
"BRAZIL",BR,"TRINIDAD AND TOBAGO",TT
"SOUTH AFRICA",ZA,"UNITED STATES",US
"SOUTH AFRICA",ZA,"SPAIN",ES
"SOUTH AFRICA",ZA,"TOGO",TG
"SOUTH AFRICA",ZA,"SUDAN",SD
"SOUTH AFRICA",ZA,"TANZANIA",TZ
"SOUTH AFRICA",ZA,"UNITED ARAB EMIRATES",AE
"EQUATORIAL GUINEA",GQ,"SAO TOME AND PRINCIPE",ST
"EQUATORIAL GUINEA",GQ,"FRANCE",FR
"EQUATORIAL GUINEA",GQ,"GABON",GA
"EQUATORIAL GUINEA",GQ,"GAMBIA",GM
"EQUATORIAL GUINEA",GQ,"GHANA",GH
"EQUATORIAL GUINEA",GQ,"GUINEA",GN
"EQUATORIAL GUINEA",GQ,"GUINEA-BISSAU",GW
"EQUATORIAL GUINEA",GQ,"LIBERIA",LR
"EQUATORIAL GUINEA",GQ,"MAURITANIA",MR
"EQUATORIAL GUINEA",GQ,"NAMIBIA",NA
"EQUATORIAL GUINEA",GQ,"NIGERIA",NG
"EQUATORIAL GUINEA",GQ,"PORTUGAL",PT
"EQUATORIAL GUINEA",GQ,"SENEGAL",SN
"EQUATORIAL GUINEA",GQ,"SIERRA LEONE",SL
"EQUATORIAL GUINEA",GQ,"SOUTH AFRICA",ZA
"EQUATORIAL GUINEA",GQ,"SPAIN",ES
"MYANMAR",MM,"SINGAPORE",SG
"MYANMAR",MM,"OMAN",OM
"MYANMAR",MM,"PAKISTAN",PK
"MYANMAR",MM,"QATAR",QA
"MYANMAR",MM,"SAUDI ARABIA",SA
"MYANMAR",MM,"THAILAND",TH
"MYANMAR",MM,"UNITED ARAB EMIRATES",AE
"MYANMAR",MM,"VIETNAM",VN
"MYANMAR",MM,"YEMEN",YE
"MYANMAR",MM,"SRI LANKA",LK
"MYANMAR",MM,"TURKEY",TR
"MYANMAR",MM,"PHILIPPINES",PH
"MYANMAR",MM,"PORTUGAL",PT
"MYANMAR",MM,"TAIWAN",TW
"MYANMAR",MM,"UNITED KINGDOM",GB
"CHINA",CN,"MALAYSIA",MY
"CHINA",CN,"SINGAPORE",SG
"CHINA",CN,"UNITED STATES",US
"CHINA",CN,"JAPAN",JP
"CHINA",CN,"KOREA, REP.",KR
"CHINA",CN,"TAIWAN",TW
"CHINA",CN,"THAILAND",TH
"CHINA",CN,"VIETNAM",VN
"CHINA",CN,"PHILIPPINES",PH
"CHINA",CN,"EGYPT",EG
"CHINA",CN,"INDIA",IN
"CHINA",CN,"ITALY",IT
"CHINA",CN,"JORDAN",JO
"CHINA",CN,"SAUDI ARABIA",SA
"CHINA",CN,"SPAIN",ES
"CHINA",CN,"UNITED ARAB EMIRATES",AE
"CHINA",CN,"UNITED KINGDOM",GB
"CHINA",CN,"DJIBOUTI",DJ
"CHINA",CN,"FRANCE",FR
"CHINA",CN,"GREECE",GR
"CHINA",CN,"MYANMAR",MM
"CHINA",CN,"OMAN",OM
"CHINA",CN,"PAKISTAN",PK
"CHINA",CN,"QATAR",QA
"CHINA",CN,"YEMEN",YE
"CHINA",CN,"CYPRUS",CY
"CHINA",CN,"GERMANY",DE
"CHINA",CN,"INDONESIA",ID
"CHINA",CN,"MOROCCO",MA
"CHINA",CN,"PORTUGAL",PT
"CHINA",CN,"SRI LANKA",LK
"CHINA",CN,"TURKEY",TR
"MALAYSIA",MY,"SINGAPORE",SG
"MALAYSIA",MY,"UNITED STATES",US
"MALAYSIA",MY,"PHILIPPINES",PH
"MALAYSIA",MY,"THAILAND",TH
"MALAYSIA",MY,"VIETNAM",VN
"MALAYSIA",MY,"MAURITIUS",MU
"MALAYSIA",MY,"RéUNION",RE
"MALAYSIA",MY,"SOUTH AFRICA",ZA
"MALAYSIA",MY,"SAUDI ARABIA",SA
"MALAYSIA",MY,"SPAIN",ES
"MALAYSIA",MY,"UNITED ARAB EMIRATES",AE
"MALAYSIA",MY,"UNITED KINGDOM",GB
"MALAYSIA",MY,"TAIWAN",TW
"MALAYSIA",MY,"PAKISTAN",PK
"MALAYSIA",MY,"SRI LANKA",LK
"MALAYSIA",MY,"TUNISIA",TN
"MALAYSIA",MY,"MYANMAR",MM
"MALAYSIA",MY,"OMAN",OM
"MALAYSIA",MY,"QATAR",QA
"MALAYSIA",MY,"YEMEN",YE
"MALAYSIA",MY,"TURKEY",TR
"MALAYSIA",MY,"MOROCCO",MA
"MALAYSIA",MY,"PORTUGAL",PT
"FRANCE",FR,"UNITED STATES",US
"FRANCE",FR,"KENYA",KE
"FRANCE",FR,"PAKISTAN",PK
"FRANCE",FR,"SEYCHELLES",SC
"FRANCE",FR,"SOMALIA",SO
"FRANCE",FR,"GABON",GA
"FRANCE",FR,"GAMBIA",GM
"FRANCE",FR,"GHANA",GH
"FRANCE",FR,"GUINEA",GN
"FRANCE",FR,"GUINEA-BISSAU",GW
"FRANCE",FR,"LIBERIA",LR
"FRANCE",FR,"MAURITANIA",MR
"FRANCE",FR,"NAMIBIA",NA
"FRANCE",FR,"NIGERIA",NG
"FRANCE",FR,"PORTUGAL",PT
"FRANCE",FR,"SAO TOME AND PRINCIPE",ST
"FRANCE",FR,"SENEGAL",SN
"FRANCE",FR,"SIERRA LEONE",SL
"FRANCE",FR,"SOUTH AFRICA",ZA
"FRANCE",FR,"SPAIN",ES
"FRANCE",FR,"UNITED KINGDOM",GB
"FRANCE",FR,"MOROCCO",MA
"FRANCE",FR,"GUERNSEY",GG
"FRANCE",FR,"JERSEY",JE
"FRANCE",FR,"GERMANY",DE
"FRANCE",FR,"NETHERLANDS",NL
"FRANCE",FR,"IRELAND",IE
"FRANCE",FR,"INDIA",IN
"FRANCE",FR,"ITALY",IT
"FRANCE",FR,"LEBANON",LB
"FRANCE",FR,"SAUDI ARABIA",SA
"FRANCE",FR,"UNITED ARAB EMIRATES",AE
"FRANCE",FR,"MALAYSIA",MY
"FRANCE",FR,"SINGAPORE",SG
"FRANCE",FR,"SRI LANKA",LK
"FRANCE",FR,"THAILAND",TH
"FRANCE",FR,"TUNISIA",TN
"FRANCE",FR,"GREECE",GR
"FRANCE",FR,"MYANMAR",MM
"FRANCE",FR,"OMAN",OM
"FRANCE",FR,"QATAR",QA
"FRANCE",FR,"VIETNAM",VN
"FRANCE",FR,"YEMEN",YE
"FRANCE",FR,"INDONESIA",ID
"FRANCE",FR,"TURKEY",TR
"FRANCE",FR,"MADAGASCAR",MG
"FRANCE",FR,"SUDAN",SD
"FRANCE",FR,"JAPAN",JP
"FRANCE",FR,"KOREA, REP.",KR
"FRANCE",FR,"PHILIPPINES",PH
"FRANCE",FR,"TAIWAN",TW
"AUSTRALIA",AU,"PAPUA NEW GUINEA",PG
"AUSTRALIA",AU,"SOLOMON ISLANDS",SB
"AUSTRALIA",AU,"FIJI",FJ
"AUSTRALIA",AU,"KIRIBATI",KI
"AUSTRALIA",AU,"NEW ZEALAND",NZ
"AUSTRALIA",AU,"SAMOA",WS
"AUSTRALIA",AU,"TOKELAU",TK
"AUSTRALIA",AU,"UNITED STATES",US
"AUSTRALIA",AU,"INDONESIA",ID
"AUSTRALIA",AU,"SINGAPORE",SG
"AUSTRALIA",AU,"JAPAN",JP
"AUSTRALIA",AU,"CHRISTMAS ISLAND",CX
"AUSTRALIA",AU,"NEW CALEDONIA",NC
"AUSTRALIA",AU,"BELGIUM",BE
"AUSTRALIA",AU,"BRUNEI",BN
"AUSTRALIA",AU,"CHINA",CN
"AUSTRALIA",AU,"CYPRUS",CY
"AUSTRALIA",AU,"DJIBOUTI",DJ
"AUSTRALIA",AU,"EGYPT",EG
"AUSTRALIA",AU,"FRANCE",FR
"AUSTRALIA",AU,"GERMANY",DE
"AUSTRALIA",AU,"GREECE",GR
"AUSTRALIA",AU,"INDIA",IN
"AUSTRALIA",AU,"ITALY",IT
"AUSTRALIA",AU,"KOREA, REP.",KR
"AUSTRALIA",AU,"MALAYSIA",MY
"AUSTRALIA",AU,"MOROCCO",MA
"AUSTRALIA",AU,"MYANMAR",MM
"AUSTRALIA",AU,"OMAN",OM
"AUSTRALIA",AU,"PAKISTAN",PK
"AUSTRALIA",AU,"PHILIPPINES",PH
"AUSTRALIA",AU,"PORTUGAL",PT
"AUSTRALIA",AU,"SAUDI ARABIA",SA
"AUSTRALIA",AU,"SRI LANKA",LK
"AUSTRALIA",AU,"TAIWAN",TW
"AUSTRALIA",AU,"THAILAND",TH
"AUSTRALIA",AU,"TURKEY",TR
"AUSTRALIA",AU,"UNITED ARAB EMIRATES",AE
"AUSTRALIA",AU,"UNITED KINGDOM",GB
"AUSTRALIA",AU,"VIETNAM",VN
"PAPUA NEW GUINEA",PG,"SOLOMON ISLANDS",SB
"PAPUA NEW GUINEA",PG,"UNITED STATES",US
"SOLOMON ISLANDS",SB,"VANUATU",VU
"ARGENTINA",AR,"BRAZIL",BR
"ARGENTINA",AR,"URUGUAY",UY
"ARGENTINA",AR,"CHILE",CL
"ARGENTINA",AR,"COLOMBIA",CO
"ARGENTINA",AR,"DOMINICAN REPUBLIC",DO
"ARGENTINA",AR,"ECUADOR",EC
"ARGENTINA",AR,"GUATEMALA",GT
"ARGENTINA",AR,"PERU",PE
"ARGENTINA",AR,"UNITED STATES",US
"ARGENTINA",AR,"PANAMA",PA
"ARGENTINA",AR,"VENEZUELA",VE
"ARGENTINA",AR,"CAPE VERDE",CV
"ARGENTINA",AR,"PORTUGAL",PT
"ARGENTINA",AR,"SENEGAL",SN
"ARGENTINA",AR,"SPAIN",ES
"CANADA",CA,"SAINT PIERRE AND MIQUELON",PM
"CANADA",CA,"UNITED STATES",US
"CANADA",CA,"GREENLAND",GL
"CANADA",CA,"ICELAND",IS
"CANADA",CA,"IRELAND",IE
"CANADA",CA,"UNITED KINGDOM",GB
"LITHUANIA",LT,"SWEDEN",SE
"JAPAN",JP,"KOREA, REP.",KR
"JAPAN",JP,"SINGAPORE",SG
"JAPAN",JP,"TAIWAN",TW
"JAPAN",JP,"THAILAND",TH
"JAPAN",JP,"VIETNAM",VN
"JAPAN",JP,"UNITED STATES",US
"JAPAN",JP,"PHILIPPINES",PH
"JAPAN",JP,"RUSSIA",RU
"JAPAN",JP,"JORDAN",JO
"JAPAN",JP,"MALAYSIA",MY
"JAPAN",JP,"SAUDI ARABIA",SA
"JAPAN",JP,"SPAIN",ES
"JAPAN",JP,"UNITED ARAB EMIRATES",AE
"JAPAN",JP,"UNITED KINGDOM",GB
"JAPAN",JP,"MOROCCO",MA
"JAPAN",JP,"MYANMAR",MM
"JAPAN",JP,"OMAN",OM
"JAPAN",JP,"PAKISTAN",PK
"JAPAN",JP,"PORTUGAL",PT
"JAPAN",JP,"SRI LANKA",LK
"JAPAN",JP,"TURKEY",TR
"KOREA, REP.",KR,"SINGAPORE",SG
"KOREA, REP.",KR,"TAIWAN",TW
"KOREA, REP.",KR,"THAILAND",TH
"KOREA, REP.",KR,"VIETNAM",VN
"KOREA, REP.",KR,"UNITED STATES",US
"KOREA, REP.",KR,"MALAYSIA",MY
"KOREA, REP.",KR,"SAUDI ARABIA",SA
"KOREA, REP.",KR,"SPAIN",ES
"KOREA, REP.",KR,"UNITED ARAB EMIRATES",AE
"KOREA, REP.",KR,"UNITED KINGDOM",GB
"KOREA, REP.",KR,"PHILIPPINES",PH
"KOREA, REP.",KR,"MOROCCO",MA
"KOREA, REP.",KR,"MYANMAR",MM
"KOREA, REP.",KR,"OMAN",OM
"KOREA, REP.",KR,"PAKISTAN",PK
"KOREA, REP.",KR,"PORTUGAL",PT
"KOREA, REP.",KR,"SRI LANKA",LK
"KOREA, REP.",KR,"TURKEY",TR
"TAIWAN",TW,"THAILAND",TH
"TAIWAN",TW,"VIETNAM",VN
"TAIWAN",TW,"UNITED STATES",US
"TAIWAN",TW,"TURKEY",TR
"TAIWAN",TW,"UNITED ARAB EMIRATES",AE
"TAIWAN",TW,"UNITED KINGDOM",GB
"THAILAND",TH,"VIETNAM",VN
"THAILAND",TH,"UNITED STATES",US
"THAILAND",TH,"UNITED ARAB EMIRATES",AE
"THAILAND",TH,"UNITED KINGDOM",GB
"THAILAND",TH,"TUNISIA",TN
"THAILAND",TH,"YEMEN",YE
"THAILAND",TH,"TURKEY",TR
"MADAGASCAR",MG,"MAURITIUS",MU
"MADAGASCAR",MG,"RéUNION",RE
"MADAGASCAR",MG,"SOUTH AFRICA",ZA
"MADAGASCAR",MG,"MOZAMBIQUE",MZ
"MADAGASCAR",MG,"SOMALIA",SO
"MADAGASCAR",MG,"SUDAN",SD
"MADAGASCAR",MG,"TANZANIA",TZ
"MADAGASCAR",MG,"PAKISTAN",PK
"MADAGASCAR",MG,"SAUDI ARABIA",SA
"MADAGASCAR",MG,"UNITED ARAB EMIRATES",AE
"RéUNION",RE,"SOUTH AFRICA",ZA
"FIJI",FJ,"KIRIBATI",KI
"FIJI",FJ,"NEW ZEALAND",NZ
"FIJI",FJ,"SAMOA",WS
"FIJI",FJ,"TOKELAU",TK
"FIJI",FJ,"UNITED STATES",US
"FIJI",FJ,"WALLIS AND FUTUNA",WF
"FIJI",FJ,"VANUATU",VU
"FIJI",FJ,"TONGA",TO
"KIRIBATI",KI,"NEW ZEALAND",NZ
"KIRIBATI",KI,"SAMOA",WS
"KIRIBATI",KI,"TOKELAU",TK
"KIRIBATI",KI,"UNITED STATES",US
"NEW ZEALAND",NZ,"SAMOA",WS
"NEW ZEALAND",NZ,"TOKELAU",TK
"NEW ZEALAND",NZ,"UNITED STATES",US
"SAMOA",WS,"TOKELAU",TK
"SAMOA",WS,"UNITED STATES",US
"SAMOA",WS,"WALLIS AND FUTUNA",WF
"TOKELAU",TK,"UNITED STATES",US
"IRELAND",IE,"NORWAY",NO
"IRELAND",IE,"UNITED STATES",US
"IRELAND",IE,"ISLE OF MAN",IM
"IRELAND",IE,"UNITED KINGDOM",GB
"NORWAY",NO,"UNITED STATES",US
"NORWAY",NO,"UNITED KINGDOM",GB
"NETHERLANDS",NL,"UNITED KINGDOM",GB
"NETHERLANDS",NL,"NETHERLANDS ANTILLES",NL
"NETHERLANDS",NL,"UNITED STATES",US
"CHILE",CL,"UNITED STATES",US
"CHILE",CL,"COLOMBIA",CO
"CHILE",CL,"ECUADOR",EC
"CHILE",CL,"PANAMA",PA
"CHILE",CL,"PERU",PE
"CHILE",CL,"VENEZUELA",VE
"CHILE",CL,"VIRGIN ISLANDS (U.S.)",VI
"CHILE",CL,"DOMINICAN REPUBLIC",DO
"CHILE",CL,"GUATEMALA",GT
"OMAN",OM,"PAKISTAN",PK
"OMAN",OM,"SOMALIA",SO
"OMAN",OM,"QATAR",QA
"OMAN",OM,"SAUDI ARABIA",SA
"OMAN",OM,"UNITED ARAB EMIRATES",AE
"OMAN",OM,"PORTUGAL",PT
"OMAN",OM,"UNITED KINGDOM",GB
"OMAN",OM,"THAILAND",TH
"OMAN",OM,"VIETNAM",VN
"OMAN",OM,"YEMEN",YE
"OMAN",OM,"SRI LANKA",LK
"OMAN",OM,"SINGAPORE",SG
"OMAN",OM,"TURKEY",TR
"OMAN",OM,"SUDAN",SD
"OMAN",OM,"PHILIPPINES",PH
"OMAN",OM,"TAIWAN",TW
"DJIBOUTI",DJ,"KENYA",KE
"DJIBOUTI",DJ,"SOMALIA",SO
"DJIBOUTI",DJ,"EGYPT",EG
"DJIBOUTI",DJ,"FRANCE",FR
"DJIBOUTI",DJ,"PAKISTAN",PK
"DJIBOUTI",DJ,"SEYCHELLES",SC
"DJIBOUTI",DJ,"MADAGASCAR",MG
"DJIBOUTI",DJ,"MOZAMBIQUE",MZ
"DJIBOUTI",DJ,"SOUTH AFRICA",ZA
"DJIBOUTI",DJ,"SUDAN",SD
"DJIBOUTI",DJ,"TANZANIA",TZ
"DJIBOUTI",DJ,"YEMEN",YE
"DJIBOUTI",DJ,"INDIA",IN
"DJIBOUTI",DJ,"SAUDI ARABIA",SA
"DJIBOUTI",DJ,"ITALY",IT
"DJIBOUTI",DJ,"OMAN",OM
"DJIBOUTI",DJ,"GIBRALTAR",GI
"DJIBOUTI",DJ,"LIBYA",LY
"DJIBOUTI",DJ,"MONACO",MC
"DJIBOUTI",DJ,"PORTUGAL",PT
"DJIBOUTI",DJ,"UNITED ARAB EMIRATES",AE
"DJIBOUTI",DJ,"UNITED KINGDOM",GB
"DJIBOUTI",DJ,"GREECE",GR
"DJIBOUTI",DJ,"MALAYSIA",MY
"DJIBOUTI",DJ,"MYANMAR",MM
"DJIBOUTI",DJ,"QATAR",QA
"DJIBOUTI",DJ,"THAILAND",TH
"DJIBOUTI",DJ,"VIETNAM",VN
"DJIBOUTI",DJ,"INDONESIA",ID
"DJIBOUTI",DJ,"SINGAPORE",SG
"DJIBOUTI",DJ,"SRI LANKA",LK
"DJIBOUTI",DJ,"TURKEY",TR
"DJIBOUTI",DJ,"GERMANY",DE
"DJIBOUTI",DJ,"JAPAN",JP
"DJIBOUTI",DJ,"KOREA, REP.",KR
"DJIBOUTI",DJ,"MOROCCO",MA
"DJIBOUTI",DJ,"PHILIPPINES",PH
"DJIBOUTI",DJ,"TAIWAN",TW
"KENYA",KE,"SOMALIA",SO
"KENYA",KE,"PAKISTAN",PK
"KENYA",KE,"SEYCHELLES",SC
"KENYA",KE,"MAYOTTE",YT
"KENYA",KE,"UNITED ARAB EMIRATES",AE
"KENYA",KE,"MADAGASCAR",MG
"KENYA",KE,"MOZAMBIQUE",MZ
"KENYA",KE,"SOUTH AFRICA",ZA
"KENYA",KE,"SUDAN",SD
"KENYA",KE,"TANZANIA",TZ
"KENYA",KE,"SAUDI ARABIA",SA
"EGYPT",EG,"FRANCE",FR
"EGYPT",EG,"KENYA",KE
"EGYPT",EG,"PAKISTAN",PK
"EGYPT",EG,"SEYCHELLES",SC
"EGYPT",EG,"SOMALIA",SO
"EGYPT",EG,"JORDAN",JO
"EGYPT",EG,"SYRIA",SY
"EGYPT",EG,"INDIA",IN
"EGYPT",EG,"ITALY",IT
"EGYPT",EG,"LEBANON",LB
"EGYPT",EG,"SAUDI ARABIA",SA
"EGYPT",EG,"UNITED ARAB EMIRATES",AE
"EGYPT",EG,"MOZAMBIQUE",MZ
"EGYPT",EG,"SOUTH AFRICA",ZA
"EGYPT",EG,"TANZANIA",TZ
"EGYPT",EG,"OMAN",OM
"EGYPT",EG,"JAPAN",JP
"EGYPT",EG,"KOREA, REP.",KR
"EGYPT",EG,"MALAYSIA",MY
"EGYPT",EG,"SPAIN",ES
"EGYPT",EG,"THAILAND",TH
"EGYPT",EG,"UNITED KINGDOM",GB
"EGYPT",EG,"SINGAPORE",SG
"EGYPT",EG,"SRI LANKA",LK
"EGYPT",EG,"TUNISIA",TN
"EGYPT",EG,"GIBRALTAR",GI
"EGYPT",EG,"LIBYA",LY
"EGYPT",EG,"MONACO",MC
"EGYPT",EG,"PORTUGAL",PT
"EGYPT",EG,"GREECE",GR
"EGYPT",EG,"MYANMAR",MM
"EGYPT",EG,"QATAR",QA
"EGYPT",EG,"VIETNAM",VN
"EGYPT",EG,"YEMEN",YE
"EGYPT",EG,"INDONESIA",ID
"EGYPT",EG,"TURKEY",TR
"EGYPT",EG,"MADAGASCAR",MG
"EGYPT",EG,"SUDAN",SD
"EGYPT",EG,"IRAN",IR
"EGYPT",EG,"IRAQ",IQ
"EGYPT",EG,"KUWAIT",KW
"EGYPT",EG,"GERMANY",DE
"EGYPT",EG,"MOROCCO",MA
"EGYPT",EG,"PHILIPPINES",PH
"EGYPT",EG,"TAIWAN",TW
"PAKISTAN",PK,"SEYCHELLES",SC
"PAKISTAN",PK,"SOMALIA",SO
"PAKISTAN",PK,"UNITED ARAB EMIRATES",AE
"PAKISTAN",PK,"SAUDI ARABIA",SA
"PAKISTAN",PK,"SINGAPORE",SG
"PAKISTAN",PK,"SRI LANKA",LK
"PAKISTAN",PK,"THAILAND",TH
"PAKISTAN",PK,"TUNISIA",TN
"PAKISTAN",PK,"QATAR",QA
"PAKISTAN",PK,"VIETNAM",VN
"PAKISTAN",PK,"YEMEN",YE
"PAKISTAN",PK,"TURKEY",TR
"PAKISTAN",PK,"SOUTH AFRICA",ZA
"PAKISTAN",PK,"SUDAN",SD
"PAKISTAN",PK,"PHILIPPINES",PH
"PAKISTAN",PK,"PORTUGAL",PT
"PAKISTAN",PK,"TAIWAN",TW
"PAKISTAN",PK,"UNITED KINGDOM",GB
"SEYCHELLES",SC,"SOMALIA",SO
"SEYCHELLES",SC,"TANZANIA",TZ
"PHILIPPINES",PH,"UNITED STATES",US
"PHILIPPINES",PH,"SINGAPORE",SG
"PHILIPPINES",PH,"THAILAND",TH
"PHILIPPINES",PH,"VIETNAM",VN
"PHILIPPINES",PH,"TAIWAN",TW
"PHILIPPINES",PH,"PORTUGAL",PT
"PHILIPPINES",PH,"SAUDI ARABIA",SA
"PHILIPPINES",PH,"SRI LANKA",LK
"PHILIPPINES",PH,"TURKEY",TR
"PHILIPPINES",PH,"UNITED ARAB EMIRATES",AE
"PHILIPPINES",PH,"UNITED KINGDOM",GB
"CUBA",CU,"UNITED STATES",US
"CUBA",CU,"JAMAICA",JM
"CUBA",CU,"VENEZUELA",VE
"ISLE OF MAN",IM,"UNITED KINGDOM",GB
"FRENCH GUIANA",GF,"MARTINIQUE",MQ
"FRENCH GUIANA",GF,"PORTUGAL",PT
"FRENCH GUIANA",GF,"NETHERLANDS ANTILLES",NL
"FRENCH GUIANA",GF,"TRINIDAD AND TOBAGO",TT
"FRENCH GUIANA",GF,"UNITED STATES",US
"FRENCH GUIANA",GF,"VENEZUELA",VE
"COMOROS",KM,"MAYOTTE",YT
"COMOROS",KM,"DJIBOUTI",DJ
"COMOROS",KM,"KENYA",KE
"COMOROS",KM,"MADAGASCAR",MG
"COMOROS",KM,"MOZAMBIQUE",MZ
"COMOROS",KM,"SOMALIA",SO
"COMOROS",KM,"SOUTH AFRICA",ZA
"COMOROS",KM,"SUDAN",SD
"COMOROS",KM,"TANZANIA",TZ
"ARUBA",AW,"CAYMAN ISLANDS",KY
"ARUBA",AW,"COLOMBIA",CO
"ARUBA",AW,"DOMINICAN REPUBLIC",DO
"ARUBA",AW,"GUYANA",GY
"ARUBA",AW,"HAITI",HT
"ARUBA",AW,"JAMAICA",JM
"ARUBA",AW,"NETHERLANDS ANTILLES",NL
"ARUBA",AW,"PANAMA",PA
"ARUBA",AW,"SINT EUSTATIUS AND SABA",BQ
"ARUBA",AW,"SURINAME",SR
"ARUBA",AW,"TRINIDAD AND TOBAGO",TT
"ARUBA",AW,"TURKS AND CAICOS ISLANDS",TC
"ARUBA",AW,"UNITED STATES",US
"ARUBA",AW,"VIRGIN ISLANDS (U.K.)",VG
"ARUBA",AW,"CURAçAO",CW
"ARUBA",AW,"ECUADOR",EC
"ARUBA",AW,"CHILE",CL
"ARUBA",AW,"PERU",PE
"ARUBA",AW,"VENEZUELA",VE
"ARUBA",AW,"VIRGIN ISLANDS (U.S.)",VI
"CAYMAN ISLANDS",KY,"COLOMBIA",CO
"CAYMAN ISLANDS",KY,"DOMINICAN REPUBLIC",DO
"CAYMAN ISLANDS",KY,"GUYANA",GY
"CAYMAN ISLANDS",KY,"HAITI",HT
"CAYMAN ISLANDS",KY,"JAMAICA",JM
"CAYMAN ISLANDS",KY,"NETHERLANDS ANTILLES",NL
"CAYMAN ISLANDS",KY,"PANAMA",PA
"CAYMAN ISLANDS",KY,"SINT EUSTATIUS AND SABA",BQ
"CAYMAN ISLANDS",KY,"SURINAME",SR
"CAYMAN ISLANDS",KY,"TRINIDAD AND TOBAGO",TT
"CAYMAN ISLANDS",KY,"TURKS AND CAICOS ISLANDS",TC
"CAYMAN ISLANDS",KY,"UNITED STATES",US
"CAYMAN ISLANDS",KY,"VIRGIN ISLANDS (U.K.)",VG
"CAYMAN ISLANDS",KY,"COSTA RICA",CR
"CAYMAN ISLANDS",KY,"HONDURAS",HN
"CAYMAN ISLANDS",KY,"MEXICO",MX
"COLOMBIA",CO,"DOMINICAN REPUBLIC",DO
"COLOMBIA",CO,"GUYANA",GY
"COLOMBIA",CO,"HAITI",HT
"COLOMBIA",CO,"JAMAICA",JM
"COLOMBIA",CO,"NETHERLANDS ANTILLES",NL
"COLOMBIA",CO,"PANAMA",PA
"COLOMBIA",CO,"SINT EUSTATIUS AND SABA",BQ
"COLOMBIA",CO,"SURINAME",SR
"COLOMBIA",CO,"TRINIDAD AND TOBAGO",TT
"COLOMBIA",CO,"TURKS AND CAICOS ISLANDS",TC
"COLOMBIA",CO,"UNITED STATES",US
"COLOMBIA",CO,"VIRGIN ISLANDS (U.K.)",VG
"COLOMBIA",CO,"COSTA RICA",CR
"COLOMBIA",CO,"GUATEMALA",GT
"COLOMBIA",CO,"HONDURAS",HN
"COLOMBIA",CO,"MEXICO",MX
"COLOMBIA",CO,"NICARAGUA",NI
"COLOMBIA",CO,"VENEZUELA",VE
"COLOMBIA",CO,"CURAçAO",CW
"COLOMBIA",CO,"ECUADOR",EC
"COLOMBIA",CO,"PERU",PE
"COLOMBIA",CO,"VIRGIN ISLANDS (U.S.)",VI
"DOMINICAN REPUBLIC",DO,"GUYANA",GY
"DOMINICAN REPUBLIC",DO,"HAITI",HT
"DOMINICAN REPUBLIC",DO,"JAMAICA",JM
"DOMINICAN REPUBLIC",DO,"NETHERLANDS ANTILLES",NL
"DOMINICAN REPUBLIC",DO,"PANAMA",PA
"DOMINICAN REPUBLIC",DO,"SINT EUSTATIUS AND SABA",BQ
"DOMINICAN REPUBLIC",DO,"SURINAME",SR
"DOMINICAN REPUBLIC",DO,"TRINIDAD AND TOBAGO",TT
"DOMINICAN REPUBLIC",DO,"TURKS AND CAICOS ISLANDS",TC
"DOMINICAN REPUBLIC",DO,"UNITED STATES",US
"DOMINICAN REPUBLIC",DO,"VIRGIN ISLANDS (U.K.)",VG
"DOMINICAN REPUBLIC",DO,"GUATEMALA",GT
"DOMINICAN REPUBLIC",DO,"HONDURAS",HN
"DOMINICAN REPUBLIC",DO,"MEXICO",MX
"DOMINICAN REPUBLIC",DO,"NICARAGUA",NI
"DOMINICAN REPUBLIC",DO,"VENEZUELA",VE
"DOMINICAN REPUBLIC",DO,"ECUADOR",EC
"DOMINICAN REPUBLIC",DO,"PERU",PE
"GUYANA",GY,"HAITI",HT
"GUYANA",GY,"JAMAICA",JM
"GUYANA",GY,"NETHERLANDS ANTILLES",NL
"GUYANA",GY,"PANAMA",PA
"GUYANA",GY,"SINT EUSTATIUS AND SABA",BQ
"GUYANA",GY,"SURINAME",SR
"GUYANA",GY,"TRINIDAD AND TOBAGO",TT
"GUYANA",GY,"TURKS AND CAICOS ISLANDS",TC
"GUYANA",GY,"UNITED STATES",US
"GUYANA",GY,"VIRGIN ISLANDS (U.K.)",VG
"HAITI",HT,"JAMAICA",JM
"HAITI",HT,"NETHERLANDS ANTILLES",NL
"HAITI",HT,"PANAMA",PA
"HAITI",HT,"SINT EUSTATIUS AND SABA",BQ
"HAITI",HT,"SURINAME",SR
"HAITI",HT,"TRINIDAD AND TOBAGO",TT
"HAITI",HT,"TURKS AND CAICOS ISLANDS",TC
"HAITI",HT,"UNITED STATES",US
"HAITI",HT,"VIRGIN ISLANDS (U.K.)",VG
"JAMAICA",JM,"NETHERLANDS ANTILLES",NL
"JAMAICA",JM,"PANAMA",PA
"JAMAICA",JM,"SINT EUSTATIUS AND SABA",BQ
"JAMAICA",JM,"SURINAME",SR
"JAMAICA",JM,"TRINIDAD AND TOBAGO",TT
"JAMAICA",JM,"TURKS AND CAICOS ISLANDS",TC
"JAMAICA",JM,"UNITED STATES",US
"JAMAICA",JM,"VIRGIN ISLANDS (U.K.)",VG
"JAMAICA",JM,"VENEZUELA",VE
"NETHERLANDS ANTILLES",NL,"PANAMA",PA
"NETHERLANDS ANTILLES",NL,"SINT EUSTATIUS AND SABA",BQ
"NETHERLANDS ANTILLES",NL,"SURINAME",SR
"NETHERLANDS ANTILLES",NL,"TRINIDAD AND TOBAGO",TT
"NETHERLANDS ANTILLES",NL,"TURKS AND CAICOS ISLANDS",TC
"NETHERLANDS ANTILLES",NL,"UNITED STATES",US
"NETHERLANDS ANTILLES",NL,"VIRGIN ISLANDS (U.K.)",VG
"NETHERLANDS ANTILLES",NL,"NICARAGUA",NI
"NETHERLANDS ANTILLES",NL,"VENEZUELA",VE
"PANAMA",PA,"SINT EUSTATIUS AND SABA",BQ
"PANAMA",PA,"SURINAME",SR
"PANAMA",PA,"TRINIDAD AND TOBAGO",TT
"PANAMA",PA,"TURKS AND CAICOS ISLANDS",TC
"PANAMA",PA,"UNITED STATES",US
"PANAMA",PA,"VIRGIN ISLANDS (U.K.)",VG
"PANAMA",PA,"VENEZUELA",VE
"PANAMA",PA,"PERU",PE
"PANAMA",PA,"VIRGIN ISLANDS (U.S.)",VI
"SINT EUSTATIUS AND SABA",BQ,"SURINAME",SR
"SINT EUSTATIUS AND SABA",BQ,"TRINIDAD AND TOBAGO",TT
"SINT EUSTATIUS AND SABA",BQ,"TURKS AND CAICOS ISLANDS",TC
"SINT EUSTATIUS AND SABA",BQ,"UNITED STATES",US
"SINT EUSTATIUS AND SABA",BQ,"VIRGIN ISLANDS (U.K.)",VG
"SURINAME",SR,"TRINIDAD AND TOBAGO",TT
"SURINAME",SR,"TURKS AND CAICOS ISLANDS",TC
"SURINAME",SR,"UNITED STATES",US
"SURINAME",SR,"VIRGIN ISLANDS (U.K.)",VG
"TRINIDAD AND TOBAGO",TT,"TURKS AND CAICOS ISLANDS",TC
"TRINIDAD AND TOBAGO",TT,"UNITED STATES",US
"TRINIDAD AND TOBAGO",TT,"VIRGIN ISLANDS (U.K.)",VG
"TRINIDAD AND TOBAGO",TT,"VENEZUELA",VE
"TURKS AND CAICOS ISLANDS",TC,"UNITED STATES",US
"TURKS AND CAICOS ISLANDS",TC,"VIRGIN ISLANDS (U.K.)",VG
"TURKS AND CAICOS ISLANDS",TC,"VENEZUELA",VE
"UNITED STATES",US,"VIRGIN ISLANDS (U.K.)",VG
"UNITED STATES",US,"VENEZUELA",VE
"UNITED STATES",US,"VIETNAM",VN
"UNITED STATES",US,"VIRGIN ISLANDS (U.S.)",VI
"BRUNEI",BN,"MALAYSIA",MY
"BRUNEI",BN,"CHINA",CN
"BRUNEI",BN,"PHILIPPINES",PH
"BRUNEI",BN,"SINGAPORE",SG
"BRUNEI",BN,"THAILAND",TH
"BRUNEI",BN,"UNITED STATES",US
"BRUNEI",BN,"VIETNAM",VN
"BRUNEI",BN,"JAPAN",JP
"BRUNEI",BN,"CYPRUS",CY
"BRUNEI",BN,"DJIBOUTI",DJ
"BRUNEI",BN,"EGYPT",EG
"BRUNEI",BN,"FRANCE",FR
"BRUNEI",BN,"GERMANY",DE
"BRUNEI",BN,"GREECE",GR
"BRUNEI",BN,"INDIA",IN
"BRUNEI",BN,"INDONESIA",ID
"BRUNEI",BN,"ITALY",IT
"BRUNEI",BN,"KOREA, REP.",KR
"BRUNEI",BN,"MOROCCO",MA
"BRUNEI",BN,"MYANMAR",MM
"BRUNEI",BN,"OMAN",OM
"BRUNEI",BN,"PAKISTAN",PK
"BRUNEI",BN,"PORTUGAL",PT
"BRUNEI",BN,"SAUDI ARABIA",SA
"BRUNEI",BN,"SRI LANKA",LK
"BRUNEI",BN,"TAIWAN",TW
"BRUNEI",BN,"TURKEY",TR
"BRUNEI",BN,"UNITED ARAB EMIRATES",AE
"BRUNEI",BN,"UNITED KINGDOM",GB
"SPAIN",ES,"UNITED STATES",US
"SPAIN",ES,"UNITED KINGDOM",GB
"SPAIN",ES,"TOGO",TG
"SPAIN",ES,"THAILAND",TH
"SPAIN",ES,"UNITED ARAB EMIRATES",AE
"SAINT BARTHéLEMY",BL,"SAINT KITTS AND NEVIS",KN
"SAINT BARTHéLEMY",BL,"SAINT MARTIN",MF
"SAINT BARTHéLEMY",BL,"SINT EUSTATIUS AND SABA",BQ
"SAINT BARTHéLEMY",BL,"SAINT LUCIA",LC
"SAINT BARTHéLEMY",BL,"SAINT VINCENT AND THE GRENADINES",VC
"SAINT BARTHéLEMY",BL,"TRINIDAD AND TOBAGO",TT
"SAINT BARTHéLEMY",BL,"UNITED STATES",US
"SAINT KITTS AND NEVIS",KN,"SAINT MARTIN",MF
"SAINT KITTS AND NEVIS",KN,"SINT EUSTATIUS AND SABA",BQ
"SAINT KITTS AND NEVIS",KN,"SAINT LUCIA",LC
"SAINT KITTS AND NEVIS",KN,"SAINT VINCENT AND THE GRENADINES",VC
"SAINT KITTS AND NEVIS",KN,"SINT MAARTEN",SX
"SAINT KITTS AND NEVIS",KN,"TRINIDAD AND TOBAGO",TT
"SAINT KITTS AND NEVIS",KN,"VIRGIN ISLANDS (U.K.)",VG
"SAINT KITTS AND NEVIS",KN,"UNITED STATES",US
"SAINT MARTIN",MF,"SINT EUSTATIUS AND SABA",BQ
"SAINT MARTIN",MF,"SAINT VINCENT AND THE GRENADINES",VC
"SAINT MARTIN",MF,"TRINIDAD AND TOBAGO",TT
"SAINT MARTIN",MF,"UNITED STATES",US
"SAINT MARTIN",MF,"SINT MAARTEN",SX
"NORTHERN MARIANA ISLANDS",MP,"UNITED STATES",US
"CAPE VERDE",CV,"FRENCH GUIANA",GF
"CAPE VERDE",CV,"PORTUGAL",PT
"CAPE VERDE",CV,"CONGO, DEM. REP.",CD
"CAPE VERDE",CV,"CONGO, REP.",CG
"CAPE VERDE",CV,"CôTE D'IVOIRE",CI
"CAPE VERDE",CV,"GHANA",GH
"CAPE VERDE",CV,"NAMIBIA",NA
"CAPE VERDE",CV,"NIGERIA",NG
"CAPE VERDE",CV,"SOUTH AFRICA",ZA
"CAPE VERDE",CV,"SPAIN",ES
"CAPE VERDE",CV,"TOGO",TG
"CAPE VERDE",CV,"SENEGAL",SN
"CAMEROON",CM,"NIGERIA",NG
"CAMEROON",CM,"CONGO, DEM. REP.",CD
"CAMEROON",CM,"CôTE D'IVOIRE",CI
"CAMEROON",CM,"EQUATORIAL GUINEA",GQ
"CAMEROON",CM,"FRANCE",FR
"CAMEROON",CM,"GABON",GA
"CAMEROON",CM,"GAMBIA",GM
"CAMEROON",CM,"GHANA",GH
"CAMEROON",CM,"GUINEA",GN
"CAMEROON",CM,"GUINEA-BISSAU",GW
"CAMEROON",CM,"LIBERIA",LR
"CAMEROON",CM,"MAURITANIA",MR
"CAMEROON",CM,"NAMIBIA",NA
"CAMEROON",CM,"PORTUGAL",PT
"CAMEROON",CM,"SAO TOME AND PRINCIPE",ST
"CAMEROON",CM,"SENEGAL",SN
"CAMEROON",CM,"SIERRA LEONE",SL
"CAMEROON",CM,"SOUTH AFRICA",ZA
"CAMEROON",CM,"SPAIN",ES
"CAMEROON",CM,"CAPE VERDE",CV
"CAMEROON",CM,"CONGO, REP.",CG
"CAMEROON",CM,"TOGO",TG
"FEDERATED STATES OF MICRONESIA",FM,"INDONESIA",ID
"FEDERATED STATES OF MICRONESIA",FM,"PALAU",PW
"FEDERATED STATES OF MICRONESIA",FM,"PHILIPPINES",PH
"FEDERATED STATES OF MICRONESIA",FM,"UNITED STATES",US
"FEDERATED STATES OF MICRONESIA",FM,"REPUBLIC OF MARSHALL ISLANDS",MH
"PALAU",PW,"PHILIPPINES",PH
"PALAU",PW,"UNITED STATES",US
"RUSSIA",RU,"UKRAINE",UA
"ALBANIA",AL,"CROATIA",HR
"ALBANIA",AL,"GREECE",GR
"ALBANIA",AL,"ITALY",IT
"CROATIA",HR,"GREECE",GR
"CROATIA",HR,"ITALY",IT
"ANGOLA",AO,"BENIN",BJ
"ANGOLA",AO,"CAMEROON",CM
"ANGOLA",AO,"CONGO, DEM. REP.",CD
"ANGOLA",AO,"CôTE D'IVOIRE",CI
"ANGOLA",AO,"EQUATORIAL GUINEA",GQ
"ANGOLA",AO,"FRANCE",FR
"ANGOLA",AO,"GABON",GA
"ANGOLA",AO,"GAMBIA",GM
"ANGOLA",AO,"GHANA",GH
"ANGOLA",AO,"GUINEA",GN
"ANGOLA",AO,"GUINEA-BISSAU",GW
"ANGOLA",AO,"LIBERIA",LR
"ANGOLA",AO,"MAURITANIA",MR
"ANGOLA",AO,"NAMIBIA",NA
"ANGOLA",AO,"NIGERIA",NG
"ANGOLA",AO,"PORTUGAL",PT
"ANGOLA",AO,"SAO TOME AND PRINCIPE",ST
"ANGOLA",AO,"SENEGAL",SN
"ANGOLA",AO,"SIERRA LEONE",SL
"ANGOLA",AO,"SOUTH AFRICA",ZA
"ANGOLA",AO,"SPAIN",ES
"ANGOLA",AO,"BRAZIL",BR
"ANGOLA",AO,"CAPE VERDE",CV
"ANGOLA",AO,"CONGO, REP.",CG
"ANGOLA",AO,"TOGO",TG
"BENIN",BJ,"CAMEROON",CM
"BENIN",BJ,"CONGO, DEM. REP.",CD
"BENIN",BJ,"CôTE D'IVOIRE",CI
"BENIN",BJ,"EQUATORIAL GUINEA",GQ
"BENIN",BJ,"FRANCE",FR
"BENIN",BJ,"GABON",GA
"BENIN",BJ,"GAMBIA",GM
"BENIN",BJ,"GHANA",GH
"BENIN",BJ,"GUINEA",GN
"BENIN",BJ,"GUINEA-BISSAU",GW
"BENIN",BJ,"LIBERIA",LR
"BENIN",BJ,"MAURITANIA",MR
"BENIN",BJ,"NAMIBIA",NA
"BENIN",BJ,"NIGERIA",NG
"BENIN",BJ,"PORTUGAL",PT
"BENIN",BJ,"SAO TOME AND PRINCIPE",ST
"BENIN",BJ,"SENEGAL",SN
"BENIN",BJ,"SIERRA LEONE",SL
"BENIN",BJ,"SOUTH AFRICA",ZA
"BENIN",BJ,"SPAIN",ES
"CONGO, DEM. REP.",CD,"CôTE D'IVOIRE",CI
"CONGO, DEM. REP.",CD,"EQUATORIAL GUINEA",GQ
"CONGO, DEM. REP.",CD,"FRANCE",FR
"CONGO, DEM. REP.",CD,"GABON",GA
"CONGO, DEM. REP.",CD,"GAMBIA",GM
"CONGO, DEM. REP.",CD,"GHANA",GH
"CONGO, DEM. REP.",CD,"GUINEA",GN
"CONGO, DEM. REP.",CD,"GUINEA-BISSAU",GW
"CONGO, DEM. REP.",CD,"LIBERIA",LR
"CONGO, DEM. REP.",CD,"MAURITANIA",MR
"CONGO, DEM. REP.",CD,"NAMIBIA",NA
"CONGO, DEM. REP.",CD,"NIGERIA",NG
"CONGO, DEM. REP.",CD,"PORTUGAL",PT
"CONGO, DEM. REP.",CD,"SAO TOME AND PRINCIPE",ST
"CONGO, DEM. REP.",CD,"SENEGAL",SN
"CONGO, DEM. REP.",CD,"SIERRA LEONE",SL
"CONGO, DEM. REP.",CD,"SOUTH AFRICA",ZA
"CONGO, DEM. REP.",CD,"SPAIN",ES
"CONGO, DEM. REP.",CD,"CONGO, REP.",CG
"CONGO, DEM. REP.",CD,"TOGO",TG
"CôTE D'IVOIRE",CI,"EQUATORIAL GUINEA",GQ
"CôTE D'IVOIRE",CI,"FRANCE",FR
"CôTE D'IVOIRE",CI,"GABON",GA
"CôTE D'IVOIRE",CI,"GAMBIA",GM
"CôTE D'IVOIRE",CI,"GHANA",GH
"CôTE D'IVOIRE",CI,"GUINEA",GN
"CôTE D'IVOIRE",CI,"GUINEA-BISSAU",GW
"CôTE D'IVOIRE",CI,"LIBERIA",LR
"CôTE D'IVOIRE",CI,"MAURITANIA",MR
"CôTE D'IVOIRE",CI,"NAMIBIA",NA
"CôTE D'IVOIRE",CI,"NIGERIA",NG
"CôTE D'IVOIRE",CI,"PORTUGAL",PT
"CôTE D'IVOIRE",CI,"SAO TOME AND PRINCIPE",ST
"CôTE D'IVOIRE",CI,"SENEGAL",SN
"CôTE D'IVOIRE",CI,"SIERRA LEONE",SL
"CôTE D'IVOIRE",CI,"SOUTH AFRICA",ZA
"CôTE D'IVOIRE",CI,"SPAIN",ES
"CôTE D'IVOIRE",CI,"TOGO",TG
"GABON",GA,"GAMBIA",GM
"GABON",GA,"GHANA",GH
"GABON",GA,"GUINEA",GN
"GABON",GA,"GUINEA-BISSAU",GW
"GABON",GA,"LIBERIA",LR
"GABON",GA,"MAURITANIA",MR
"GABON",GA,"NAMIBIA",NA
"GABON",GA,"NIGERIA",NG
"GABON",GA,"PORTUGAL",PT
"GABON",GA,"SAO TOME AND PRINCIPE",ST
"GABON",GA,"SENEGAL",SN
"GABON",GA,"SIERRA LEONE",SL
"GABON",GA,"SOUTH AFRICA",ZA
"GABON",GA,"SPAIN",ES
"GAMBIA",GM,"GHANA",GH
"GAMBIA",GM,"GUINEA",GN
"GAMBIA",GM,"GUINEA-BISSAU",GW
"GAMBIA",GM,"LIBERIA",LR
"GAMBIA",GM,"MAURITANIA",MR
"GAMBIA",GM,"NAMIBIA",NA
"GAMBIA",GM,"NIGERIA",NG
"GAMBIA",GM,"PORTUGAL",PT
"GAMBIA",GM,"SAO TOME AND PRINCIPE",ST
"GAMBIA",GM,"SENEGAL",SN
"GAMBIA",GM,"SIERRA LEONE",SL
"GAMBIA",GM,"SOUTH AFRICA",ZA
"GAMBIA",GM,"SPAIN",ES
"GHANA",GH,"GUINEA",GN
"GHANA",GH,"GUINEA-BISSAU",GW
"GHANA",GH,"LIBERIA",LR
"GHANA",GH,"MAURITANIA",MR
"GHANA",GH,"NAMIBIA",NA
"GHANA",GH,"NIGERIA",NG
"GHANA",GH,"PORTUGAL",PT
"GHANA",GH,"SAO TOME AND PRINCIPE",ST
"GHANA",GH,"SENEGAL",SN
"GHANA",GH,"SIERRA LEONE",SL
"GHANA",GH,"SOUTH AFRICA",ZA
"GHANA",GH,"SPAIN",ES
"GHANA",GH,"UNITED KINGDOM",GB
"GHANA",GH,"TOGO",TG
"GUINEA",GN,"GUINEA-BISSAU",GW
"GUINEA",GN,"LIBERIA",LR
"GUINEA",GN,"MAURITANIA",MR
"GUINEA",GN,"NAMIBIA",NA
"GUINEA",GN,"NIGERIA",NG
"GUINEA",GN,"PORTUGAL",PT
"GUINEA",GN,"SAO TOME AND PRINCIPE",ST
"GUINEA",GN,"SENEGAL",SN
"GUINEA",GN,"SIERRA LEONE",SL
"GUINEA",GN,"SOUTH AFRICA",ZA
"GUINEA",GN,"SPAIN",ES
"GUINEA-BISSAU",GW,"LIBERIA",LR
"GUINEA-BISSAU",GW,"MAURITANIA",MR
"GUINEA-BISSAU",GW,"NAMIBIA",NA
"GUINEA-BISSAU",GW,"NIGERIA",NG
"GUINEA-BISSAU",GW,"PORTUGAL",PT
"GUINEA-BISSAU",GW,"SAO TOME AND PRINCIPE",ST
"GUINEA-BISSAU",GW,"SENEGAL",SN
"GUINEA-BISSAU",GW,"SIERRA LEONE",SL
"GUINEA-BISSAU",GW,"SOUTH AFRICA",ZA
"GUINEA-BISSAU",GW,"SPAIN",ES
"LIBERIA",LR,"MAURITANIA",MR
"LIBERIA",LR,"NAMIBIA",NA
"LIBERIA",LR,"NIGERIA",NG
"LIBERIA",LR,"PORTUGAL",PT
"LIBERIA",LR,"SAO TOME AND PRINCIPE",ST
"LIBERIA",LR,"SENEGAL",SN
"LIBERIA",LR,"SIERRA LEONE",SL
"LIBERIA",LR,"SOUTH AFRICA",ZA
"LIBERIA",LR,"SPAIN",ES
"MAURITANIA",MR,"NAMIBIA",NA
"MAURITANIA",MR,"NIGERIA",NG
"MAURITANIA",MR,"PORTUGAL",PT
"MAURITANIA",MR,"SAO TOME AND PRINCIPE",ST
"MAURITANIA",MR,"SENEGAL",SN
"MAURITANIA",MR,"SIERRA LEONE",SL
"MAURITANIA",MR,"SOUTH AFRICA",ZA
"MAURITANIA",MR,"SPAIN",ES
"NAMIBIA",NA,"NIGERIA",NG
"NAMIBIA",NA,"PORTUGAL",PT
"NAMIBIA",NA,"SAO TOME AND PRINCIPE",ST
"NAMIBIA",NA,"SENEGAL",SN
"NAMIBIA",NA,"SIERRA LEONE",SL
"NAMIBIA",NA,"SOUTH AFRICA",ZA
"NAMIBIA",NA,"SPAIN",ES
"NAMIBIA",NA,"TOGO",TG
"NIGERIA",NG,"PORTUGAL",PT
"NIGERIA",NG,"SAO TOME AND PRINCIPE",ST
"NIGERIA",NG,"SENEGAL",SN
"NIGERIA",NG,"SIERRA LEONE",SL
"NIGERIA",NG,"SOUTH AFRICA",ZA
"NIGERIA",NG,"SPAIN",ES
"NIGERIA",NG,"UNITED KINGDOM",GB
"NIGERIA",NG,"TOGO",TG
"PORTUGAL",PT,"SAO TOME AND PRINCIPE",ST
"PORTUGAL",PT,"SENEGAL",SN
"PORTUGAL",PT,"SIERRA LEONE",SL
"PORTUGAL",PT,"SOUTH AFRICA",ZA
"PORTUGAL",PT,"SPAIN",ES
"PORTUGAL",PT,"UNITED STATES",US
"PORTUGAL",PT,"UNITED KINGDOM",GB
"PORTUGAL",PT,"TOGO",TG
"PORTUGAL",PT,"SAUDI ARABIA",SA
"PORTUGAL",PT,"UNITED ARAB EMIRATES",AE
"PORTUGAL",PT,"SINGAPORE",SG
"PORTUGAL",PT,"SRI LANKA",LK
"PORTUGAL",PT,"TAIWAN",TW
"PORTUGAL",PT,"THAILAND",TH
"PORTUGAL",PT,"TURKEY",TR
"PORTUGAL",PT,"VIETNAM",VN
"SAO TOME AND PRINCIPE",ST,"SENEGAL",SN
"SAO TOME AND PRINCIPE",ST,"SIERRA LEONE",SL
"SAO TOME AND PRINCIPE",ST,"SOUTH AFRICA",ZA
"SAO TOME AND PRINCIPE",ST,"SPAIN",ES
"SENEGAL",SN,"SIERRA LEONE",SL
"SENEGAL",SN,"SOUTH AFRICA",ZA
"SENEGAL",SN,"SPAIN",ES
"SIERRA LEONE",SL,"SOUTH AFRICA",ZA
"SIERRA LEONE",SL,"SPAIN",ES
"ALGERIA",DZ,"SPAIN",ES
"ALGERIA",DZ,"FRANCE",FR
"ALGERIA",DZ,"CYPRUS",CY
"ALGERIA",DZ,"EGYPT",EG
"ALGERIA",DZ,"BANGLADESH",BD
"ALGERIA",DZ,"INDIA",IN
"ALGERIA",DZ,"ITALY",IT
"ALGERIA",DZ,"MALAYSIA",MY
"ALGERIA",DZ,"PAKISTAN",PK
"ALGERIA",DZ,"SAUDI ARABIA",SA
"ALGERIA",DZ,"SINGAPORE",SG
"ALGERIA",DZ,"SRI LANKA",LK
"ALGERIA",DZ,"THAILAND",TH
"ALGERIA",DZ,"TUNISIA",TN
"ALGERIA",DZ,"UNITED ARAB EMIRATES",AE
"AMERICAN SAMOA",AS,"UNITED STATES",US
"AMERICAN SAMOA",AS,"AUSTRALIA",AU
"AMERICAN SAMOA",AS,"NEW ZEALAND",NZ
"AMERICAN SAMOA",AS,"SAMOA",WS
"CYPRUS",CY,"GREECE",GR
"CYPRUS",CY,"LEBANON",LB
"CYPRUS",CY,"EGYPT",EG
"CYPRUS",CY,"FRANCE",FR
"CYPRUS",CY,"ISRAEL",IL
"CYPRUS",CY,"ITALY",IT
"CYPRUS",CY,"TURKEY",TR
"CYPRUS",CY,"SYRIA",SY
"CYPRUS",CY,"DJIBOUTI",DJ
"CYPRUS",CY,"GERMANY",DE
"CYPRUS",CY,"INDIA",IN
"CYPRUS",CY,"INDONESIA",ID
"CYPRUS",CY,"JAPAN",JP
"CYPRUS",CY,"KOREA, REP.",KR
"CYPRUS",CY,"MALAYSIA",MY
"CYPRUS",CY,"MOROCCO",MA
"CYPRUS",CY,"MYANMAR",MM
"CYPRUS",CY,"OMAN",OM
"CYPRUS",CY,"PAKISTAN",PK
"CYPRUS",CY,"PHILIPPINES",PH
"CYPRUS",CY,"PORTUGAL",PT
"CYPRUS",CY,"SAUDI ARABIA",SA
"CYPRUS",CY,"SINGAPORE",SG
"CYPRUS",CY,"SRI LANKA",LK
"CYPRUS",CY,"TAIWAN",TW
"CYPRUS",CY,"THAILAND",TH
"CYPRUS",CY,"UNITED ARAB EMIRATES",AE
"CYPRUS",CY,"UNITED KINGDOM",GB
"CYPRUS",CY,"VIETNAM",VN
"UNITED KINGDOM",GB,"UNITED STATES",US
"UNITED KINGDOM",GB,"VIETNAM",VN
"BAHAMAS",BS,"BELIZE",BZ
"BAHAMAS",BS,"COLOMBIA",CO
"BAHAMAS",BS,"COSTA RICA",CR
"BAHAMAS",BS,"DOMINICAN REPUBLIC",DO
"BAHAMAS",BS,"GUATEMALA",GT
"BAHAMAS",BS,"HONDURAS",HN
"BAHAMAS",BS,"MEXICO",MX
"BAHAMAS",BS,"NETHERLANDS ANTILLES",NL
"BAHAMAS",BS,"NICARAGUA",NI
"BAHAMAS",BS,"PANAMA",PA
"BAHAMAS",BS,"TURKS AND CAICOS ISLANDS",TC
"BAHAMAS",BS,"UNITED STATES",US
"BAHAMAS",BS,"VENEZUELA",VE
"BAHAMAS",BS,"HAITI",HT
"BELIZE",BZ,"COLOMBIA",CO
"BELIZE",BZ,"COSTA RICA",CR
"BELIZE",BZ,"DOMINICAN REPUBLIC",DO
"BELIZE",BZ,"GUATEMALA",GT
"BELIZE",BZ,"HONDURAS",HN
"BELIZE",BZ,"MEXICO",MX
"BELIZE",BZ,"NETHERLANDS ANTILLES",NL
"BELIZE",BZ,"NICARAGUA",NI
"BELIZE",BZ,"PANAMA",PA
"BELIZE",BZ,"TURKS AND CAICOS ISLANDS",TC
"BELIZE",BZ,"UNITED STATES",US
"BELIZE",BZ,"VENEZUELA",VE
"COSTA RICA",CR,"DOMINICAN REPUBLIC",DO
"COSTA RICA",CR,"GUATEMALA",GT
"COSTA RICA",CR,"HONDURAS",HN
"COSTA RICA",CR,"MEXICO",MX
"COSTA RICA",CR,"NETHERLANDS ANTILLES",NL
"COSTA RICA",CR,"NICARAGUA",NI
"COSTA RICA",CR,"PANAMA",PA
"COSTA RICA",CR,"TURKS AND CAICOS ISLANDS",TC
"COSTA RICA",CR,"UNITED STATES",US
"COSTA RICA",CR,"VENEZUELA",VE
"GUATEMALA",GT,"HONDURAS",HN
"GUATEMALA",GT,"MEXICO",MX
"GUATEMALA",GT,"NETHERLANDS ANTILLES",NL
"GUATEMALA",GT,"NICARAGUA",NI
"GUATEMALA",GT,"PANAMA",PA
"GUATEMALA",GT,"TURKS AND CAICOS ISLANDS",TC
"GUATEMALA",GT,"UNITED STATES",US
"GUATEMALA",GT,"VENEZUELA",VE
"GUATEMALA",GT,"PERU",PE
"HONDURAS",HN,"MEXICO",MX
"HONDURAS",HN,"NETHERLANDS ANTILLES",NL
"HONDURAS",HN,"NICARAGUA",NI
"HONDURAS",HN,"PANAMA",PA
"HONDURAS",HN,"TURKS AND CAICOS ISLANDS",TC
"HONDURAS",HN,"UNITED STATES",US
"HONDURAS",HN,"VENEZUELA",VE
"MEXICO",MX,"NETHERLANDS ANTILLES",NL
"MEXICO",MX,"NICARAGUA",NI
"MEXICO",MX,"PANAMA",PA
"MEXICO",MX,"TURKS AND CAICOS ISLANDS",TC
"MEXICO",MX,"UNITED STATES",US
"MEXICO",MX,"VENEZUELA",VE
"NICARAGUA",NI,"PANAMA",PA
"NICARAGUA",NI,"TURKS AND CAICOS ISLANDS",TC
"NICARAGUA",NI,"UNITED STATES",US
"NICARAGUA",NI,"VENEZUELA",VE
"GERMANY",DE,"NETHERLANDS",NL
"GERMANY",DE,"UNITED KINGDOM",GB
"GERMANY",DE,"UNITED STATES",US
"GERMANY",DE,"ICELAND",IS
"GERMANY",DE,"GREECE",GR
"GERMANY",DE,"INDIA",IN
"GERMANY",DE,"INDONESIA",ID
"GERMANY",DE,"ITALY",IT
"GERMANY",DE,"JAPAN",JP
"GERMANY",DE,"KOREA, REP.",KR
"GERMANY",DE,"MALAYSIA",MY
"GERMANY",DE,"MOROCCO",MA
"GERMANY",DE,"MYANMAR",MM
"GERMANY",DE,"OMAN",OM
"GERMANY",DE,"PAKISTAN",PK
"GERMANY",DE,"PHILIPPINES",PH
"GERMANY",DE,"PORTUGAL",PT
"GERMANY",DE,"SAUDI ARABIA",SA
"GERMANY",DE,"SINGAPORE",SG
"GERMANY",DE,"SRI LANKA",LK
"GERMANY",DE,"TAIWAN",TW
"GERMANY",DE,"THAILAND",TH
"GERMANY",DE,"TURKEY",TR
"GERMANY",DE,"UNITED ARAB EMIRATES",AE
"GERMANY",DE,"VIETNAM",VN
"CHRISTMAS ISLAND",CX,"INDONESIA",ID
"CHRISTMAS ISLAND",CX,"SINGAPORE",SG
"POLAND",PL,"SWEDEN",SE
"LATVIA",LV,"SWEDEN",SE
"LATVIA",LV,"LITHUANIA",LT
"LEBANON",LB,"SYRIA",SY
"LEBANON",LB,"PAKISTAN",PK
"LEBANON",LB,"SAUDI ARABIA",SA
"LEBANON",LB,"UNITED ARAB EMIRATES",AE
"MOROCCO",MA,"SPAIN",ES
"MOROCCO",MA,"MYANMAR",MM
"MOROCCO",MA,"OMAN",OM
"MOROCCO",MA,"PAKISTAN",PK
"MOROCCO",MA,"PHILIPPINES",PH
"MOROCCO",MA,"PORTUGAL",PT
"MOROCCO",MA,"SAUDI ARABIA",SA
"MOROCCO",MA,"SINGAPORE",SG
"MOROCCO",MA,"SRI LANKA",LK
"MOROCCO",MA,"TAIWAN",TW
"MOROCCO",MA,"THAILAND",TH
"MOROCCO",MA,"TURKEY",TR
"MOROCCO",MA,"UNITED ARAB EMIRATES",AE
"MOROCCO",MA,"UNITED KINGDOM",GB
"MOROCCO",MA,"VIETNAM",VN
"FAEROE ISLANDS",FO,"GERMANY",DE
"FAEROE ISLANDS",FO,"ICELAND",IS
"FAEROE ISLANDS",FO,"UNITED KINGDOM",GB
"BERMUDA",BM,"VIRGIN ISLANDS (U.K.)",VG
"BERMUDA",BM,"UNITED STATES",US
"BERMUDA",BM,"BRAZIL",BR
"BERMUDA",BM,"COLOMBIA",CO
"BERMUDA",BM,"VENEZUELA",VE
"BULGARIA",BG,"GEORGIA",GE
"MALDIVES",MV,"SRI LANKA",LK
"ANGUILLA",AI,"ANTIGUA AND BARBUDA",AG
"ANGUILLA",AI,"BARBADOS",BB
"ANGUILLA",AI,"DOMINICA",DM
"ANGUILLA",AI,"GRENADA",GD
"ANGUILLA",AI,"GUADELOUPE",GP
"ANGUILLA",AI,"MARTINIQUE",MQ
"ANGUILLA",AI,"SAINT KITTS AND NEVIS",KN
"ANGUILLA",AI,"SAINT LUCIA",LC
"ANGUILLA",AI,"SAINT VINCENT AND THE GRENADINES",VC
"ANGUILLA",AI,"SINT MAARTEN",SX
"ANGUILLA",AI,"TRINIDAD AND TOBAGO",TT
"ANGUILLA",AI,"VIRGIN ISLANDS (U.K.)",VG
"ANTIGUA AND BARBUDA",AG,"BARBADOS",BB
"ANTIGUA AND BARBUDA",AG,"DOMINICA",DM
"ANTIGUA AND BARBUDA",AG,"GRENADA",GD
"ANTIGUA AND BARBUDA",AG,"GUADELOUPE",GP
"ANTIGUA AND BARBUDA",AG,"MARTINIQUE",MQ
"ANTIGUA AND BARBUDA",AG,"SAINT KITTS AND NEVIS",KN
"ANTIGUA AND BARBUDA",AG,"SAINT LUCIA",LC
"ANTIGUA AND BARBUDA",AG,"SAINT VINCENT AND THE GRENADINES",VC
"ANTIGUA AND BARBUDA",AG,"SINT MAARTEN",SX
"ANTIGUA AND BARBUDA",AG,"TRINIDAD AND TOBAGO",TT
"ANTIGUA AND BARBUDA",AG,"VIRGIN ISLANDS (U.K.)",VG
"ANTIGUA AND BARBUDA",AG,"SAINT BARTHéLEMY",BL
"ANTIGUA AND BARBUDA",AG,"SAINT MARTIN",MF
"ANTIGUA AND BARBUDA",AG,"UNITED STATES",US
"BARBADOS",BB,"DOMINICA",DM
"BARBADOS",BB,"GRENADA",GD
"BARBADOS",BB,"GUADELOUPE",GP
"BARBADOS",BB,"MARTINIQUE",MQ
"BARBADOS",BB,"SAINT KITTS AND NEVIS",KN
"BARBADOS",BB,"SAINT LUCIA",LC
"BARBADOS",BB,"SAINT VINCENT AND THE GRENADINES",VC
"BARBADOS",BB,"SINT MAARTEN",SX
"BARBADOS",BB,"TRINIDAD AND TOBAGO",TT
"BARBADOS",BB,"VIRGIN ISLANDS (U.K.)",VG
"BARBADOS",BB,"SAINT BARTHéLEMY",BL
"BARBADOS",BB,"SAINT MARTIN",MF
"BARBADOS",BB,"UNITED STATES",US
"DOMINICA",DM,"GRENADA",GD
"DOMINICA",DM,"GUADELOUPE",GP
"DOMINICA",DM,"MARTINIQUE",MQ
"DOMINICA",DM,"SAINT KITTS AND NEVIS",KN
"DOMINICA",DM,"SAINT LUCIA",LC
"DOMINICA",DM,"SAINT VINCENT AND THE GRENADINES",VC
"DOMINICA",DM,"SINT MAARTEN",SX
"DOMINICA",DM,"TRINIDAD AND TOBAGO",TT
"DOMINICA",DM,"VIRGIN ISLANDS (U.K.)",VG
"DOMINICA",DM,"SAINT BARTHéLEMY",BL
"DOMINICA",DM,"SAINT MARTIN",MF
"DOMINICA",DM,"UNITED STATES",US
"GUADELOUPE",GP,"MARTINIQUE",MQ
"GUADELOUPE",GP,"SAINT KITTS AND NEVIS",KN
"GUADELOUPE",GP,"SAINT LUCIA",LC
"GUADELOUPE",GP,"SAINT VINCENT AND THE GRENADINES",VC
"GUADELOUPE",GP,"SINT MAARTEN",SX
"GUADELOUPE",GP,"TRINIDAD AND TOBAGO",TT
"GUADELOUPE",GP,"VIRGIN ISLANDS (U.K.)",VG
"GUADELOUPE",GP,"SAINT BARTHéLEMY",BL
"GUADELOUPE",GP,"SAINT MARTIN",MF
"GUADELOUPE",GP,"UNITED STATES",US
"MARTINIQUE",MQ,"SAINT KITTS AND NEVIS",KN
"MARTINIQUE",MQ,"SAINT LUCIA",LC
"MARTINIQUE",MQ,"SAINT VINCENT AND THE GRENADINES",VC
"MARTINIQUE",MQ,"SINT MAARTEN",SX
"MARTINIQUE",MQ,"TRINIDAD AND TOBAGO",TT
"MARTINIQUE",MQ,"VIRGIN ISLANDS (U.K.)",VG
"MARTINIQUE",MQ,"SAINT BARTHéLEMY",BL
"MARTINIQUE",MQ,"SAINT MARTIN",MF
"MARTINIQUE",MQ,"UNITED STATES",US
"MARTINIQUE",MQ,"NETHERLANDS ANTILLES",NL
"MARTINIQUE",MQ,"VENEZUELA",VE
"SAINT LUCIA",LC,"SAINT VINCENT AND THE GRENADINES",VC
"SAINT LUCIA",LC,"SINT MAARTEN",SX
"SAINT LUCIA",LC,"TRINIDAD AND TOBAGO",TT
"SAINT LUCIA",LC,"VIRGIN ISLANDS (U.K.)",VG
"SAINT LUCIA",LC,"SAINT MARTIN",MF
"SAINT LUCIA",LC,"UNITED STATES",US
"SAINT VINCENT AND THE GRENADINES",VC,"SINT MAARTEN",SX
"SAINT VINCENT AND THE GRENADINES",VC,"TRINIDAD AND TOBAGO",TT
"SAINT VINCENT AND THE GRENADINES",VC,"VIRGIN ISLANDS (U.K.)",VG
"SAINT VINCENT AND THE GRENADINES",VC,"UNITED STATES",US
"SINT MAARTEN",SX,"TRINIDAD AND TOBAGO",TT
"SINT MAARTEN",SX,"VIRGIN ISLANDS (U.K.)",VG
"SINT MAARTEN",SX,"UNITED STATES",US
"ICELAND",IS,"UNITED KINGDOM",GB
"BAHRAIN",BH,"KUWAIT",KW
"BAHRAIN",BH,"QATAR",QA
"BAHRAIN",BH,"UNITED ARAB EMIRATES",AE
"BAHRAIN",BH,"INDIA",IN
"BAHRAIN",BH,"IRAN",IR
"BAHRAIN",BH,"IRAQ",IQ
"BAHRAIN",BH,"OMAN",OM
"BAHRAIN",BH,"SAUDI ARABIA",SA
"BAHRAIN",BH,"EGYPT",EG
"BAHRAIN",BH,"SUDAN",SD
"BAHRAIN",BH,"YEMEN",YE
"KUWAIT",KW,"QATAR",QA
"KUWAIT",KW,"UNITED ARAB EMIRATES",AE
"KUWAIT",KW,"OMAN",OM
"KUWAIT",KW,"SAUDI ARABIA",SA
"KUWAIT",KW,"SUDAN",SD
"KUWAIT",KW,"YEMEN",YE
"QATAR",QA,"UNITED ARAB EMIRATES",AE
"QATAR",QA,"SAUDI ARABIA",SA
"QATAR",QA,"THAILAND",TH
"QATAR",QA,"VIETNAM",VN
"QATAR",QA,"YEMEN",YE
"QATAR",QA,"SUDAN",SD
"ESTONIA",EE,"FINLAND",FI
"ESTONIA",EE,"SWEDEN",SE
"GREECE",GR,"ITALY",IT
"GREECE",GR,"LIBYA",LY
"GREECE",GR,"INDIA",IN
"GREECE",GR,"MALAYSIA",MY
"GREECE",GR,"MYANMAR",MM
"GREECE",GR,"OMAN",OM
"GREECE",GR,"PAKISTAN",PK
"GREECE",GR,"QATAR",QA
"GREECE",GR,"SAUDI ARABIA",SA
"GREECE",GR,"THAILAND",TH
"GREECE",GR,"UNITED ARAB EMIRATES",AE
"GREECE",GR,"VIETNAM",VN
"GREECE",GR,"YEMEN",YE
"GREECE",GR,"ISRAEL",IL
"GREECE",GR,"TURKEY",TR
"GREECE",GR,"INDONESIA",ID
"GREECE",GR,"JAPAN",JP
"GREECE",GR,"KOREA, REP.",KR
"GREECE",GR,"MOROCCO",MA
"GREECE",GR,"PHILIPPINES",PH
"GREECE",GR,"PORTUGAL",PT
"GREECE",GR,"SINGAPORE",SG
"GREECE",GR,"SRI LANKA",LK
"GREECE",GR,"TAIWAN",TW
"GREECE",GR,"UNITED KINGDOM",GB
"GREENLAND",GL,"ICELAND",IS
"GUERNSEY",GG,"JERSEY",JE
"GUERNSEY",GG,"UNITED KINGDOM",GB
"IRAN",IR,"IRAQ",IQ
"IRAN",IR,"KUWAIT",KW
"IRAN",IR,"OMAN",OM
"IRAN",IR,"QATAR",QA
"IRAN",IR,"SAUDI ARABIA",SA
"IRAN",IR,"UNITED ARAB EMIRATES",AE
"IRAN",IR,"SUDAN",SD
"IRAN",IR,"YEMEN",YE
"IRAQ",IQ,"KUWAIT",KW
"IRAQ",IQ,"OMAN",OM
"IRAQ",IQ,"QATAR",QA
"IRAQ",IQ,"SAUDI ARABIA",SA
"IRAQ",IQ,"UNITED ARAB EMIRATES",AE
"IRAQ",IQ,"SUDAN",SD
"IRAQ",IQ,"YEMEN",YE
"SAUDI ARABIA",SA,"UNITED ARAB EMIRATES",AE
"SAUDI ARABIA",SA,"SOUTH AFRICA",ZA
"SAUDI ARABIA",SA,"TANZANIA",TZ
"SAUDI ARABIA",SA,"SUDAN",SD
"SAUDI ARABIA",SA,"SPAIN",ES
"SAUDI ARABIA",SA,"THAILAND",TH
"SAUDI ARABIA",SA,"UNITED KINGDOM",GB
"SAUDI ARABIA",SA,"SINGAPORE",SG
"SAUDI ARABIA",SA,"SRI LANKA",LK
"SAUDI ARABIA",SA,"TUNISIA",TN
"SAUDI ARABIA",SA,"VIETNAM",VN
"SAUDI ARABIA",SA,"YEMEN",YE
"SAUDI ARABIA",SA,"TURKEY",TR
"SAUDI ARABIA",SA,"SOMALIA",SO
"SAUDI ARABIA",SA,"TAIWAN",TW
"REPUBLIC OF MARSHALL ISLANDS",MH,"UNITED STATES",US
"ISRAEL",IL,"ITALY",IT
"ISRAEL",IL,"TURKEY",TR
"CAMBODIA",KH,"MALAYSIA",MY
"CAMBODIA",KH,"THAILAND",TH
"CAMBODIA",KH,"CHINA",CN
"CAMBODIA",KH,"DJIBOUTI",DJ
"CAMBODIA",KH,"EGYPT",EG
"CAMBODIA",KH,"FRANCE",FR
"CAMBODIA",KH,"GREECE",GR
"CAMBODIA",KH,"INDIA",IN
"CAMBODIA",KH,"ITALY",IT
"CAMBODIA",KH,"MYANMAR",MM
"CAMBODIA",KH,"OMAN",OM
"CAMBODIA",KH,"PAKISTAN",PK
"CAMBODIA",KH,"QATAR",QA
"CAMBODIA",KH,"SAUDI ARABIA",SA
"CAMBODIA",KH,"UNITED ARAB EMIRATES",AE
"CAMBODIA",KH,"VIETNAM",VN
"CAMBODIA",KH,"YEMEN",YE
"CURAçAO",CW,"ECUADOR",EC
"CURAçAO",CW,"PANAMA",PA
"CURAçAO",CW,"UNITED STATES",US
"CURAçAO",CW,"VIRGIN ISLANDS (U.K.)",VG
"ECUADOR",EC,"PANAMA",PA
"ECUADOR",EC,"UNITED STATES",US
"ECUADOR",EC,"VIRGIN ISLANDS (U.K.)",VG
"ECUADOR",EC,"PERU",PE
"ECUADOR",EC,"VENEZUELA",VE
"ECUADOR",EC,"VIRGIN ISLANDS (U.S.)",VI
"ECUADOR",EC,"GUATEMALA",GT
"PERU",PE,"UNITED STATES",US
"PERU",PE,"VENEZUELA",VE
"PERU",PE,"VIRGIN ISLANDS (U.S.)",VI
"VENEZUELA",VE,"VIRGIN ISLANDS (U.S.)",VI
"BELGIUM",BE,"UNITED KINGDOM",GB
"BELGIUM",BE,"NETHERLANDS",NL
"BELGIUM",BE,"BRUNEI",BN
"BELGIUM",BE,"CHINA",CN
"BELGIUM",BE,"CYPRUS",CY
"BELGIUM",BE,"DJIBOUTI",DJ
"BELGIUM",BE,"EGYPT",EG
"BELGIUM",BE,"FRANCE",FR
"BELGIUM",BE,"GERMANY",DE
"BELGIUM",BE,"GREECE",GR
"BELGIUM",BE,"INDIA",IN
"BELGIUM",BE,"INDONESIA",ID
"BELGIUM",BE,"ITALY",IT
"BELGIUM",BE,"JAPAN",JP
"BELGIUM",BE,"KOREA, REP.",KR
"BELGIUM",BE,"MALAYSIA",MY
"BELGIUM",BE,"MOROCCO",MA
"BELGIUM",BE,"MYANMAR",MM
"BELGIUM",BE,"OMAN",OM
"BELGIUM",BE,"PAKISTAN",PK
"BELGIUM",BE,"PHILIPPINES",PH
"BELGIUM",BE,"PORTUGAL",PT
"BELGIUM",BE,"SAUDI ARABIA",SA
"BELGIUM",BE,"SINGAPORE",SG
"BELGIUM",BE,"SRI LANKA",LK
"BELGIUM",BE,"TAIWAN",TW
"BELGIUM",BE,"THAILAND",TH
"BELGIUM",BE,"TURKEY",TR
"BELGIUM",BE,"UNITED ARAB EMIRATES",AE
"BELGIUM",BE,"VIETNAM",VN
"JERSEY",JE,"UNITED KINGDOM",GB
"CONGO, REP.",CG,"CôTE D'IVOIRE",CI
"CONGO, REP.",CG,"GHANA",GH
"CONGO, REP.",CG,"NAMIBIA",NA
"CONGO, REP.",CG,"NIGERIA",NG
"CONGO, REP.",CG,"PORTUGAL",PT
"CONGO, REP.",CG,"SOUTH AFRICA",ZA
"CONGO, REP.",CG,"SPAIN",ES
"CONGO, REP.",CG,"TOGO",TG
"MOZAMBIQUE",MZ,"SOMALIA",SO
"MOZAMBIQUE",MZ,"SOUTH AFRICA",ZA
"MOZAMBIQUE",MZ,"SUDAN",SD
"MOZAMBIQUE",MZ,"TANZANIA",TZ
"MOZAMBIQUE",MZ,"SAUDI ARABIA",SA
"SOMALIA",SO,"SOUTH AFRICA",ZA
"SOMALIA",SO,"SUDAN",SD
"SOMALIA",SO,"TANZANIA",TZ
"SOMALIA",SO,"UNITED ARAB EMIRATES",AE
"SUDAN",SD,"TANZANIA",TZ
"SUDAN",SD,"UNITED ARAB EMIRATES",AE
"SUDAN",SD,"YEMEN",YE
"JORDAN",JO,"KOREA, REP.",KR
"JORDAN",JO,"MALAYSIA",MY
"JORDAN",JO,"SAUDI ARABIA",SA
"JORDAN",JO,"SPAIN",ES
"JORDAN",JO,"THAILAND",TH
"JORDAN",JO,"UNITED ARAB EMIRATES",AE
"JORDAN",JO,"UNITED KINGDOM",GB
"UNITED ARAB EMIRATES",AE,"UNITED KINGDOM",GB
"UNITED ARAB EMIRATES",AE,"VIETNAM",VN
"UNITED ARAB EMIRATES",AE,"YEMEN",YE
"BANGLADESH",BD,"EGYPT",EG
"BANGLADESH",BD,"FRANCE",FR
"BANGLADESH",BD,"INDIA",IN
"BANGLADESH",BD,"ITALY",IT
"BANGLADESH",BD,"MALAYSIA",MY
"BANGLADESH",BD,"PAKISTAN",PK
"BANGLADESH",BD,"SAUDI ARABIA",SA
"BANGLADESH",BD,"SINGAPORE",SG
"BANGLADESH",BD,"SRI LANKA",LK
"BANGLADESH",BD,"THAILAND",TH
"BANGLADESH",BD,"TUNISIA",TN
"BANGLADESH",BD,"UNITED ARAB EMIRATES",AE
"BANGLADESH",BD,"DJIBOUTI",DJ
"BANGLADESH",BD,"INDONESIA",ID
"BANGLADESH",BD,"MYANMAR",MM
"BANGLADESH",BD,"OMAN",OM
"BANGLADESH",BD,"TURKEY",TR
"BANGLADESH",BD,"YEMEN",YE
"SRI LANKA",LK,"THAILAND",TH
"SRI LANKA",LK,"TUNISIA",TN
"SRI LANKA",LK,"UNITED ARAB EMIRATES",AE
"SRI LANKA",LK,"TURKEY",TR
"SRI LANKA",LK,"YEMEN",YE
"SRI LANKA",LK,"TAIWAN",TW
"SRI LANKA",LK,"UNITED KINGDOM",GB
"SRI LANKA",LK,"VIETNAM",VN
"TUNISIA",TN,"UNITED ARAB EMIRATES",AE
"GIBRALTAR",GI,"INDIA",IN
"GIBRALTAR",GI,"LIBYA",LY
"GIBRALTAR",GI,"MONACO",MC
"GIBRALTAR",GI,"OMAN",OM
"GIBRALTAR",GI,"PORTUGAL",PT
"GIBRALTAR",GI,"SAUDI ARABIA",SA
"GIBRALTAR",GI,"UNITED ARAB EMIRATES",AE
"GIBRALTAR",GI,"UNITED KINGDOM",GB
"LIBYA",LY,"MONACO",MC
"LIBYA",LY,"OMAN",OM
"LIBYA",LY,"PORTUGAL",PT
"LIBYA",LY,"SAUDI ARABIA",SA
"LIBYA",LY,"UNITED ARAB EMIRATES",AE
"LIBYA",LY,"UNITED KINGDOM",GB
"MONACO",MC,"OMAN",OM
"MONACO",MC,"PORTUGAL",PT
"MONACO",MC,"SAUDI ARABIA",SA
"MONACO",MC,"UNITED ARAB EMIRATES",AE
"MONACO",MC,"UNITED KINGDOM",GB
"VIETNAM",VN,"YEMEN",YE
"TURKEY",TR,"UNITED ARAB EMIRATES",AE
"TURKEY",TR,"YEMEN",YE
"TURKEY",TR,"UNITED KINGDOM",GB
"TURKEY",TR,"VIETNAM",VN
